time [s],NN_interval [s/256](/api/datatype/318/)
14120.953125,210
14121.78515625,213
